DATE&TIME,Year,TIME,AZIMUTH
100-06-23 06:13:31, 100, 06:13:31, 63:42:15.6
101-06-24 06:13:42, 101, 06:13:42, 63:42:24.3
102-06-24 06:13:39, 102, 06:13:39, 63:42:17.3
103-06-24 06:13:36, 103, 06:13:36, 63:42:09.4
104-06-23 06:13:32, 104, 06:13:32, 63:42:04.6
105-06-24 06:13:42, 105, 06:13:42, 63:42:15.1
106-06-24 06:13:39, 106, 06:13:39, 63:42:07.0
107-06-24 06:13:36, 107, 06:13:36, 63:42:04.0
108-06-23 06:13:32, 108, 06:13:32, 63:42:00.9
109-06-23 06:13:30, 109, 06:13:30, 63:42:02.2
110-06-24 06:13:41, 110, 06:13:41, 63:42:12.3
111-06-24 06:13:39, 111, 06:13:39, 63:42:11.3
112-06-23 06:13:35, 112, 06:13:35, 63:42:12.8
113-06-23 06:13:32, 113, 06:13:32, 63:42:14.9
114-06-24 06:13:43, 114, 06:13:43, 63:42:29.1
115-06-24 06:13:40, 115, 06:13:40, 63:42:26.6
116-06-23 06:13:35, 116, 06:13:35, 63:42:26.0
117-06-23 06:13:32, 117, 06:13:32, 63:42:24.8
118-06-24 06:13:43, 118, 06:13:43, 63:42:33.8
119-06-24 06:13:39, 119, 06:13:39, 63:42:28.2
120-06-23 06:13:36, 120, 06:13:36, 63:42:21.6
121-06-23 06:13:32, 121, 06:13:32, 63:42:18.8
122-06-24 06:13:44, 122, 06:13:44, 63:42:24.9
123-06-24 06:13:41, 123, 06:13:41, 63:42:18.1
124-06-23 06:13:36, 124, 06:13:36, 63:42:12.5
125-06-23 06:13:34, 125, 06:13:34, 63:42:09.0
126-06-24 06:13:46, 126, 06:13:46, 63:42:21.2
127-06-24 06:13:42, 127, 06:13:42, 63:42:15.5
128-06-23 06:13:38, 128, 06:13:38, 63:42:14.6
129-06-23 06:13:35, 129, 06:13:35, 63:42:14.9
130-06-24 06:13:46, 130, 06:13:46, 63:42:30.8
131-06-24 06:13:43, 131, 06:13:43, 63:42:30.0
132-06-23 06:13:38, 132, 06:13:38, 63:42:28.9
133-06-23 06:13:36, 133, 06:13:36, 63:42:31.0
134-06-24 06:13:48, 134, 06:13:48, 63:42:44.8
135-06-24 06:13:44, 135, 06:13:44, 63:42:41.0
136-06-23 06:13:41, 136, 06:13:41, 63:42:36.8
137-06-23 06:13:37, 137, 06:13:37, 63:42:34.1
138-06-23 06:13:34, 138, 06:13:34, 63:42:32.1
139-06-24 06:13:45, 139, 06:13:45, 63:42:36.7
140-06-23 06:13:40, 140, 06:13:40, 63:42:30.5
141-06-23 06:13:37, 141, 06:13:37, 63:42:23.8
142-06-23 06:13:35, 142, 06:13:35, 63:42:20.8
143-06-24 06:13:45, 143, 06:13:45, 63:42:27.6
144-06-23 06:13:42, 144, 06:13:42, 63:42:22.0
145-06-23 06:13:39, 145, 06:13:39, 63:42:20.7
146-06-23 06:13:36, 146, 06:13:36, 63:42:19.1
147-06-24 06:13:48, 147, 06:13:48, 63:42:32.5
148-06-23 06:13:43, 148, 06:13:43, 63:42:30.1
149-06-23 06:13:40, 149, 06:13:40, 63:42:31.3
150-06-23 06:13:38, 150, 06:13:38, 63:42:33.8
151-06-24 06:13:47, 151, 06:13:47, 63:42:46.5
152-06-23 06:13:44, 152, 06:13:44, 63:42:45.6
153-06-23 06:13:41, 153, 06:13:41, 63:42:43.5
154-06-23 06:13:37, 154, 06:13:37, 63:42:43.7
155-06-24 06:13:49, 155, 06:13:49, 63:42:54.4
156-06-23 06:13:45, 156, 06:13:45, 63:42:48.2
157-06-23 06:13:42, 157, 06:13:42, 63:42:42.8
158-06-23 06:13:40, 158, 06:13:40, 63:42:36.7
159-06-24 06:13:50, 159, 06:13:50, 63:42:46.2
160-06-23 06:13:46, 160, 06:13:46, 63:42:37.2
161-06-23 06:13:44, 161, 06:13:44, 63:42:32.6
162-06-23 06:13:40, 162, 06:13:40, 63:42:28.5
163-06-24 06:13:51, 163, 06:13:51, 63:42:40.3
164-06-23 06:13:46, 164, 06:13:46, 63:42:36.1
165-06-23 06:13:42, 165, 06:13:42, 63:42:32.5
166-06-23 06:13:41, 166, 06:13:41, 63:42:33.9
167-06-24 06:13:51, 167, 06:13:51, 63:42:49.3
168-06-23 06:13:48, 168, 06:13:48, 63:42:48.1
169-06-23 06:13:46, 169, 06:13:46, 63:42:47.9
170-06-23 06:13:42, 170, 06:13:42, 63:42:47.5
171-06-23 06:13:40, 171, 06:13:40, 63:42:50.9
172-06-23 06:13:50, 172, 06:13:50, 63:43:00.4
173-06-23 06:13:46, 173, 06:13:46, 63:42:57.6
174-06-23 06:13:45, 174, 06:13:45, 63:42:53.4
175-06-23 06:13:40, 175, 06:13:40, 63:42:50.4
176-06-23 06:13:50, 176, 06:13:50, 63:42:57.3
177-06-23 06:13:47, 177, 06:13:47, 63:42:49.1
178-06-23 06:13:43, 178, 06:13:43, 63:42:44.3
179-06-23 06:13:40, 179, 06:13:40, 63:42:39.9
180-06-23 06:13:51, 180, 06:13:51, 63:42:48.8
181-06-23 06:13:47, 181, 06:13:47, 63:42:41.9
182-06-23 06:13:46, 182, 06:13:46, 63:42:38.2
183-06-23 06:13:42, 183, 06:13:42, 63:42:38.4
184-06-23 06:13:52, 184, 06:13:52, 63:42:50.3
185-06-23 06:13:50, 185, 06:13:50, 63:42:49.9
186-06-23 06:13:46, 186, 06:13:46, 63:42:48.7
187-06-23 06:13:43, 187, 06:13:43, 63:42:51.7
188-06-23 06:13:53, 188, 06:13:53, 63:43:06.7
189-06-23 06:13:49, 189, 06:13:49, 63:43:03.8
190-06-23 06:13:48, 190, 06:13:48, 63:43:03.7
191-06-23 06:13:44, 191, 06:13:44, 63:43:01.8
192-06-23 06:13:54, 192, 06:13:54, 63:43:14.9
193-06-23 06:13:52, 193, 06:13:52, 63:43:07.4
194-06-23 06:13:48, 194, 06:13:48, 63:43:01.5
195-06-23 06:13:45, 195, 06:13:45, 63:42:57.5
196-06-23 06:13:56, 196, 06:13:56, 63:43:06.6
197-06-23 06:13:51, 197, 06:13:51, 63:42:59.0
198-06-23 06:13:50, 198, 06:13:50, 63:42:51.5
199-06-23 06:13:45, 199, 06:13:45, 63:42:47.8
200-06-23 06:13:41, 200, 06:13:41, 63:42:45.5
201-06-24 06:13:53, 201, 06:13:53, 63:42:54.5
202-06-24 06:13:50, 202, 06:13:50, 63:42:52.4
203-06-24 06:13:46, 203, 06:13:46, 63:42:51.7
204-06-23 06:13:44, 204, 06:13:44, 63:42:55.1
205-06-24 06:13:54, 205, 06:13:54, 63:43:06.4
206-06-24 06:13:53, 206, 06:13:53, 63:43:06.4
207-06-24 06:13:49, 207, 06:13:49, 63:43:06.6
208-06-23 06:13:45, 208, 06:13:45, 63:43:07.8
209-06-24 06:13:57, 209, 06:13:57, 63:43:21.0
210-06-24 06:13:53, 210, 06:13:53, 63:43:15.6
211-06-24 06:13:49, 211, 06:13:49, 63:43:13.3
212-06-23 06:13:45, 212, 06:13:45, 63:43:09.5
213-06-24 06:13:55, 213, 06:13:55, 63:43:17.8
214-06-24 06:13:53, 214, 06:13:53, 63:43:10.5
215-06-24 06:13:49, 215, 06:13:49, 63:43:03.2
216-06-23 06:13:45, 216, 06:13:45, 63:42:59.8
217-06-24 06:13:57, 217, 06:13:57, 63:43:07.6
218-06-24 06:13:54, 218, 06:13:54, 63:43:01.8
219-06-24 06:13:51, 219, 06:13:51, 63:42:57.6
220-06-23 06:13:48, 220, 06:13:48, 63:42:57.1
221-06-24 06:13:58, 221, 06:13:58, 63:43:11.4
222-06-24 06:13:56, 222, 06:13:56, 63:43:07.8
223-06-24 06:13:52, 223, 06:13:52, 63:43:08.1
224-06-23 06:13:48, 224, 06:13:48, 63:43:08.2
225-06-24 06:14:00, 225, 06:14:00, 63:43:25.9
226-06-24 06:13:57, 226, 06:13:57, 63:43:23.1
227-06-24 06:13:53, 227, 06:13:53, 63:43:21.7
228-06-23 06:13:50, 228, 06:13:50, 63:43:22.0
229-06-23 06:13:47, 229, 06:13:47, 63:43:20.1
230-06-24 06:13:58, 230, 06:13:58, 63:43:28.3
231-06-24 06:13:55, 231, 06:13:55, 63:43:21.1
232-06-23 06:13:50, 232, 06:13:50, 63:43:16.8
233-06-23 06:13:48, 233, 06:13:48, 63:43:13.4
234-06-24 06:13:59, 234, 06:13:59, 63:43:18.0
235-06-24 06:13:54, 235, 06:13:54, 63:43:12.1
236-06-23 06:13:51, 236, 06:13:51, 63:43:06.6
237-06-23 06:13:48, 237, 06:13:48, 63:43:05.3
238-06-24 06:13:59, 238, 06:13:59, 63:43:14.3
239-06-24 06:13:56, 239, 06:13:56, 63:43:11.2
240-06-23 06:13:52, 240, 06:13:52, 63:43:10.6
241-06-23 06:13:50, 241, 06:13:50, 63:43:11.1
242-06-24 06:14:01, 242, 06:14:01, 63:43:26.0
243-06-24 06:13:57, 243, 06:13:57, 63:43:24.1
244-06-23 06:13:54, 244, 06:13:54, 63:43:26.1
245-06-23 06:13:51, 245, 06:13:51, 63:43:27.0
246-06-24 06:14:01, 246, 06:14:01, 63:43:39.7
247-06-24 06:13:58, 247, 06:13:58, 63:43:36.0
248-06-23 06:13:53, 248, 06:13:53, 63:43:31.2
249-06-23 06:13:51, 249, 06:13:51, 63:43:29.4
250-06-24 06:14:03, 250, 06:14:03, 63:43:37.6
251-06-24 06:13:58, 251, 06:13:58, 63:43:30.8
252-06-23 06:13:55, 252, 06:13:55, 63:43:24.2
253-06-23 06:13:53, 253, 06:13:53, 63:43:18.1
254-06-24 06:14:04, 254, 06:14:04, 63:43:29.0
255-06-24 06:14:00, 255, 06:14:00, 63:43:21.0
256-06-23 06:13:56, 256, 06:13:56, 63:43:17.8
257-06-23 06:13:54, 257, 06:13:54, 63:43:15.2
258-06-24 06:14:05, 258, 06:14:05, 63:43:30.0
259-06-24 06:14:00, 259, 06:14:00, 63:43:27.1
260-06-23 06:13:57, 260, 06:13:57, 63:43:25.8
261-06-23 06:13:54, 261, 06:13:54, 63:43:28.0
262-06-23 06:13:51, 262, 06:13:51, 63:43:30.1
263-06-24 06:14:02, 263, 06:14:02, 63:43:43.2
264-06-23 06:13:58, 264, 06:13:58, 63:43:40.6
265-06-23 06:13:56, 265, 06:13:56, 63:43:39.2
266-06-23 06:13:54, 266, 06:13:54, 63:43:39.3
267-06-24 06:14:04, 267, 06:14:04, 63:43:47.5
268-06-23 06:14:00, 268, 06:14:00, 63:43:42.9
269-06-23 06:13:57, 269, 06:13:57, 63:43:36.2
270-06-23 06:13:54, 270, 06:13:54, 63:43:32.8
271-06-24 06:14:03, 271, 06:14:03, 63:43:39.0
272-06-23 06:13:59, 272, 06:13:59, 63:43:30.8
273-06-23 06:13:57, 273, 06:13:57, 63:43:26.8
274-06-23 06:13:54, 274, 06:13:54, 63:43:23.1
275-06-24 06:14:04, 275, 06:14:04, 63:43:35.1
276-06-23 06:14:01, 276, 06:14:01, 63:43:30.1
277-06-23 06:13:58, 277, 06:13:58, 63:43:28.8
278-06-23 06:13:56, 278, 06:13:56, 63:43:30.4
279-06-24 06:14:06, 279, 06:14:06, 63:43:44.8
280-06-23 06:14:03, 280, 06:14:03, 63:43:44.3
281-06-23 06:14:00, 281, 06:14:00, 63:43:43.2
282-06-23 06:13:57, 282, 06:13:57, 63:43:45.2
283-06-24 06:14:07, 283, 06:14:07, 63:43:58.9
284-06-23 06:14:03, 284, 06:14:03, 63:43:55.1
285-06-23 06:14:01, 285, 06:14:01, 63:43:52.0
286-06-23 06:13:58, 286, 06:13:58, 63:43:48.2
287-06-24 06:14:08, 287, 06:14:08, 63:43:59.8
288-06-23 06:14:04, 288, 06:14:04, 63:43:49.9
289-06-23 06:14:02, 289, 06:14:02, 63:43:43.7
290-06-23 06:13:59, 290, 06:13:59, 63:43:37.9
291-06-23 06:13:55, 291, 06:13:55, 63:43:34.7
292-06-23 06:14:05, 292, 06:14:05, 63:43:42.5
293-06-23 06:14:02, 293, 06:14:02, 63:43:36.4
294-06-23 06:13:59, 294, 06:13:59, 63:43:35.2
295-06-23 06:13:55, 295, 06:13:55, 63:43:34.2
296-06-23 06:14:05, 296, 06:14:05, 63:43:46.0
297-06-23 06:14:03, 297, 06:14:03, 63:43:45.0
298-06-23 06:14:00, 298, 06:14:00, 63:43:45.1
299-06-23 06:13:58, 299, 06:13:58, 63:43:48.8
300-06-24 06:14:08, 300, 06:14:08, 63:44:01.0
301-06-24 06:14:05, 301, 06:14:05, 63:44:00.2
302-06-24 06:14:03, 302, 06:14:03, 63:43:58.5
303-06-24 06:13:58, 303, 06:13:58, 63:43:58.2
304-06-24 06:14:09, 304, 06:14:09, 63:44:08.6
305-06-24 06:14:06, 305, 06:14:06, 63:44:01.5
306-06-24 06:14:02, 306, 06:14:02, 63:43:56.5
307-06-24 06:13:58, 307, 06:13:58, 63:43:50.9
308-06-24 06:14:08, 308, 06:14:08, 63:44:00.2
309-06-24 06:14:05, 309, 06:14:05, 63:43:51.8
310-06-24 06:14:03, 310, 06:14:03, 63:43:46.3
311-06-24 06:13:59, 311, 06:13:59, 63:43:43.6
312-06-24 06:14:09, 312, 06:14:09, 63:43:53.5
313-06-24 06:14:08, 313, 06:14:08, 63:43:50.0
314-06-24 06:14:04, 314, 06:14:04, 63:43:46.6
315-06-24 06:14:02, 315, 06:14:02, 63:43:48.5
316-06-24 06:14:12, 316, 06:14:12, 63:44:04.9
317-06-24 06:14:09, 317, 06:14:09, 63:44:02.3
318-06-24 06:14:06, 318, 06:14:06, 63:44:03.0
319-06-24 06:14:01, 319, 06:14:01, 63:44:02.6
320-06-24 06:14:12, 320, 06:14:12, 63:44:19.5
321-06-24 06:14:10, 321, 06:14:10, 63:44:14.4
322-06-24 06:14:06, 322, 06:14:06, 63:44:10.9
323-06-24 06:14:03, 323, 06:14:03, 63:44:08.1
324-06-23 06:14:00, 324, 06:14:00, 63:44:04.7
325-06-24 06:14:10, 325, 06:14:10, 63:44:11.4
326-06-24 06:14:08, 326, 06:14:08, 63:44:03.3
327-06-24 06:14:03, 327, 06:14:03, 63:43:58.9
328-06-23 06:13:59, 328, 06:13:59, 63:43:54.6
329-06-24 06:14:12, 329, 06:14:12, 63:44:01.7
330-06-24 06:14:07, 330, 06:14:07, 63:43:56.0
331-06-24 06:14:04, 331, 06:14:04, 63:43:52.5
332-06-23 06:14:01, 332, 06:14:01, 63:43:53.8
333-06-24 06:14:12, 333, 06:14:12, 63:44:04.8
334-06-24 06:14:10, 334, 06:14:10, 63:44:04.5
335-06-24 06:14:06, 335, 06:14:06, 63:44:04.5
336-06-23 06:14:02, 336, 06:14:02, 63:44:05.8
337-06-24 06:14:15, 337, 06:14:15, 63:44:21.0
338-06-24 06:14:11, 338, 06:14:11, 63:44:17.7
339-06-24 06:14:07, 339, 06:14:07, 63:44:18.3
340-06-23 06:14:04, 340, 06:14:04, 63:44:17.0
341-06-24 06:14:14, 341, 06:14:14, 63:44:28.4
342-06-24 06:14:11, 342, 06:14:11, 63:44:22.2
343-06-24 06:14:07, 343, 06:14:07, 63:44:15.7
344-06-23 06:14:03, 344, 06:14:03, 63:44:11.8
345-06-24 06:14:16, 345, 06:14:16, 63:44:19.7
346-06-24 06:14:12, 346, 06:14:12, 63:44:12.5
347-06-24 06:14:08, 347, 06:14:08, 63:44:05.6
348-06-23 06:14:06, 348, 06:14:06, 63:44:01.8
349-06-24 06:14:16, 349, 06:14:16, 63:44:14.1
350-06-24 06:14:14, 350, 06:14:14, 63:44:09.0
351-06-24 06:14:10, 351, 06:14:10, 63:44:07.8
352-06-23 06:14:06, 352, 06:14:06, 63:44:06.3
353-06-23 06:14:05, 353, 06:14:05, 63:44:09.4
354-06-24 06:14:14, 354, 06:14:14, 63:44:21.0
355-06-24 06:14:10, 355, 06:14:10, 63:44:20.2
356-06-23 06:14:08, 356, 06:14:08, 63:44:22.2
357-06-23 06:14:04, 357, 06:14:04, 63:44:22.8
358-06-24 06:14:15, 358, 06:14:15, 63:44:35.6
359-06-24 06:14:12, 359, 06:14:12, 63:44:30.4
360-06-23 06:14:08, 360, 06:14:08, 63:44:27.1
361-06-23 06:14:07, 361, 06:14:07, 63:44:24.2
362-06-24 06:14:17, 362, 06:14:17, 63:44:31.1
363-06-24 06:14:13, 363, 06:14:13, 63:44:24.6
364-06-23 06:14:10, 364, 06:14:10, 63:44:17.6
365-06-23 06:14:06, 365, 06:14:06, 63:44:14.3
366-06-24 06:14:17, 366, 06:14:17, 63:44:22.1
367-06-24 06:14:13, 367, 06:14:13, 63:44:15.9
368-06-23 06:14:09, 368, 06:14:09, 63:44:12.6
369-06-23 06:14:08, 369, 06:14:08, 63:44:11.3
370-06-24 06:14:18, 370, 06:14:18, 63:44:25.5
371-06-24 06:14:14, 371, 06:14:14, 63:44:21.5
372-06-23 06:14:12, 372, 06:14:12, 63:44:22.8
373-06-23 06:14:09, 373, 06:14:09, 63:44:24.0
374-06-24 06:14:20, 374, 06:14:20, 63:44:40.2
375-06-24 06:14:17, 375, 06:14:17, 63:44:38.8
376-06-23 06:14:12, 376, 06:14:12, 63:44:36.2
377-06-23 06:14:11, 377, 06:14:11, 63:44:36.5
378-06-24 06:14:21, 378, 06:14:21, 63:44:47.7
379-06-24 06:14:16, 379, 06:14:16, 63:44:41.8
380-06-23 06:14:14, 380, 06:14:14, 63:44:36.3
381-06-23 06:14:11, 381, 06:14:11, 63:44:30.8
382-06-23 06:14:07, 382, 06:14:07, 63:44:28.4
383-06-24 06:14:18, 383, 06:14:18, 63:44:32.1
384-06-23 06:14:14, 384, 06:14:14, 63:44:26.3
385-06-23 06:14:12, 385, 06:14:12, 63:44:21.0
386-06-23 06:14:09, 386, 06:14:09, 63:44:19.2
387-06-24 06:14:18, 387, 06:14:18, 63:44:28.8
388-06-23 06:14:16, 388, 06:14:16, 63:44:25.6
389-06-23 06:14:12, 389, 06:14:12, 63:44:25.7
390-06-23 06:14:09, 390, 06:14:09, 63:44:26.5
391-06-24 06:14:19, 391, 06:14:19, 63:44:41.1
392-06-23 06:14:16, 392, 06:14:16, 63:44:39.5
393-06-23 06:14:14, 393, 06:14:14, 63:44:40.2
394-06-23 06:14:12, 394, 06:14:12, 63:44:42.0
395-06-24 06:14:21, 395, 06:14:21, 63:44:53.2
396-06-23 06:14:19, 396, 06:14:19, 63:44:50.8
397-06-23 06:14:16, 397, 06:14:16, 63:44:45.8
398-06-23 06:14:12, 398, 06:14:12, 63:44:44.2
399-06-24 06:14:22, 399, 06:14:22, 63:44:52.8
400-06-23 06:14:18, 400, 06:14:18, 63:44:44.4
401-06-23 06:14:15, 401, 06:14:15, 63:44:38.3
402-06-23 06:14:12, 402, 06:14:12, 63:44:32.2
403-06-24 06:14:21, 403, 06:14:21, 63:44:42.7
404-06-23 06:14:19, 404, 06:14:19, 63:44:35.5
405-06-23 06:14:17, 405, 06:14:17, 63:44:31.8
406-06-23 06:14:13, 406, 06:14:13, 63:44:30.9
407-06-24 06:14:24, 407, 06:14:24, 63:44:44.5
408-06-23 06:14:21, 408, 06:14:21, 63:44:42.2
409-06-23 06:14:19, 409, 06:14:19, 63:44:40.3
410-06-23 06:14:16, 410, 06:14:16, 63:44:43.0
411-06-24 06:14:25, 411, 06:14:25, 63:44:59.2
412-06-23 06:14:22, 412, 06:14:22, 63:44:57.3
413-06-23 06:14:20, 413, 06:14:20, 63:44:55.7
414-06-23 06:14:15, 414, 06:14:15, 63:44:54.2
415-06-23 06:14:12, 415, 06:14:12, 63:44:55.3
416-06-23 06:14:22, 416, 06:14:22, 63:45:01.6
417-06-23 06:14:20, 417, 06:14:20, 63:44:56.5
418-06-23 06:14:17, 418, 06:14:17, 63:44:50.8
419-06-23 06:14:13, 419, 06:14:13, 63:44:46.3
420-06-23 06:14:23, 420, 06:14:23, 63:44:53.2
421-06-23 06:14:21, 421, 06:14:21, 63:44:45.0
422-06-23 06:14:17, 422, 06:14:17, 63:44:42.1
423-06-23 06:14:13, 423, 06:14:13, 63:44:38.9
424-06-23 06:14:24, 424, 06:14:24, 63:44:49.0
425-06-23 06:14:22, 425, 06:14:22, 63:44:45.0
426-06-23 06:14:18, 426, 06:14:18, 63:44:43.3
427-06-23 06:14:15, 427, 06:14:15, 63:44:45.7
428-06-23 06:14:26, 428, 06:14:26, 63:44:59.0
429-06-23 06:14:24, 429, 06:14:24, 63:44:59.0
430-06-23 06:14:20, 430, 06:14:20, 63:44:58.8
431-06-23 06:14:16, 431, 06:14:16, 63:45:00.3
432-06-23 06:14:27, 432, 06:14:27, 63:45:13.8
433-06-23 06:14:25, 433, 06:14:25, 63:45:09.2
434-06-23 06:14:21, 434, 06:14:21, 63:45:06.9
435-06-23 06:14:17, 435, 06:14:17, 63:45:02.4
436-06-23 06:14:27, 436, 06:14:27, 63:45:13.4
437-06-23 06:14:25, 437, 06:14:25, 63:45:04.5
438-06-23 06:14:21, 438, 06:14:21, 63:44:58.0
439-06-23 06:14:17, 439, 06:14:17, 63:44:53.7
440-06-23 06:14:28, 440, 06:14:28, 63:45:02.8
441-06-23 06:14:26, 441, 06:14:26, 63:44:56.9
442-06-23 06:14:23, 442, 06:14:23, 63:44:50.8
443-06-23 06:14:19, 443, 06:14:19, 63:44:49.0
444-06-22 06:14:17, 444, 06:14:17, 63:44:49.7
445-06-23 06:14:28, 445, 06:14:28, 63:45:00.4
446-06-23 06:14:24, 446, 06:14:24, 63:45:00.8
447-06-23 06:14:20, 447, 06:14:20, 63:45:00.6
448-06-22 06:14:17, 448, 06:14:17, 63:45:04.3
449-06-23 06:14:28, 449, 06:14:28, 63:45:16.0
450-06-23 06:14:24, 450, 06:14:24, 63:45:14.4
451-06-23 06:14:21, 451, 06:14:21, 63:45:13.5
452-06-22 06:14:18, 452, 06:14:18, 63:45:12.8
453-06-23 06:14:29, 453, 06:14:29, 63:45:23.1
454-06-23 06:14:26, 454, 06:14:26, 63:45:15.8
455-06-23 06:14:22, 455, 06:14:22, 63:45:11.4
456-06-22 06:14:19, 456, 06:14:19, 63:45:06.3
457-06-23 06:14:31, 457, 06:14:31, 63:45:14.0
458-06-23 06:14:27, 458, 06:14:27, 63:45:06.5
459-06-23 06:14:23, 459, 06:14:23, 63:45:00.0
460-06-22 06:14:20, 460, 06:14:20, 63:44:58.4
461-06-23 06:14:30, 461, 06:14:30, 63:45:07.7
462-06-23 06:14:27, 462, 06:14:27, 63:45:04.6
463-06-23 06:14:23, 463, 06:14:23, 63:45:02.8
464-06-22 06:14:21, 464, 06:14:21, 63:45:03.6
465-06-23 06:14:33, 465, 06:14:33, 63:45:19.8
466-06-23 06:14:28, 466, 06:14:28, 63:45:16.5
467-06-23 06:14:25, 467, 06:14:25, 63:45:17.6
468-06-22 06:14:23, 468, 06:14:23, 63:45:18.0
469-06-23 06:14:34, 469, 06:14:34, 63:45:33.6
470-06-23 06:14:31, 470, 06:14:31, 63:45:29.9
471-06-23 06:14:26, 471, 06:14:26, 63:45:25.9
472-06-22 06:14:23, 472, 06:14:23, 63:45:23.3
473-06-22 06:14:21, 473, 06:14:21, 63:45:19.2
474-06-23 06:14:30, 474, 06:14:30, 63:45:25.6
475-06-23 06:14:26, 475, 06:14:26, 63:45:17.8
476-06-22 06:14:25, 476, 06:14:25, 63:45:12.7
477-06-22 06:14:21, 477, 06:14:21, 63:45:09.3
478-06-23 06:14:32, 478, 06:14:32, 63:45:15.6
479-06-23 06:14:28, 479, 06:14:28, 63:45:11.7
480-06-22 06:14:25, 480, 06:14:25, 63:45:07.7
481-06-22 06:14:23, 481, 06:14:23, 63:45:08.8
482-06-23 06:14:32, 482, 06:14:32, 63:45:20.0
483-06-23 06:14:29, 483, 06:14:29, 63:45:18.6
484-06-22 06:14:27, 484, 06:14:27, 63:45:19.7
485-06-22 06:14:23, 485, 06:14:23, 63:45:20.5
486-06-23 06:14:34, 486, 06:14:34, 63:45:36.2
487-06-23 06:14:30, 487, 06:14:30, 63:45:33.7
488-06-22 06:14:27, 488, 06:14:27, 63:45:33.0
489-06-22 06:14:26, 489, 06:14:26, 63:45:32.3
490-06-23 06:14:35, 490, 06:14:35, 63:45:42.3
491-06-23 06:14:31, 491, 06:14:31, 63:45:36.6
492-06-22 06:14:30, 492, 06:14:30, 63:45:29.8
493-06-22 06:14:26, 493, 06:14:26, 63:45:26.4
494-06-23 06:14:36, 494, 06:14:36, 63:45:34.5
495-06-23 06:14:32, 495, 06:14:32, 63:45:27.1
496-06-22 06:14:28, 496, 06:14:28, 63:45:20.8
497-06-22 06:14:26, 497, 06:14:26, 63:45:16.5
498-06-23 06:14:35, 498, 06:14:35, 63:45:29.3
499-06-23 06:14:31, 499, 06:14:31, 63:45:23.2
500-06-23 06:14:31, 500, 06:14:31, 63:45:22.1
501-06-23 06:14:27, 501, 06:14:27, 63:45:21.5
502-06-24 06:14:38, 502, 06:14:38, 63:45:38.5
503-06-24 06:14:35, 503, 06:14:35, 63:45:37.0
504-06-23 06:14:31, 504, 06:14:31, 63:45:35.3
505-06-23 06:14:30, 505, 06:14:30, 63:45:37.9
506-06-23 06:14:26, 506, 06:14:26, 63:45:38.6
507-06-24 06:14:35, 507, 06:14:35, 63:45:49.3
508-06-23 06:14:33, 508, 06:14:33, 63:45:45.2
509-06-23 06:14:29, 509, 06:14:29, 63:45:41.3
510-06-23 06:14:25, 510, 06:14:25, 63:45:39.9
511-06-24 06:14:36, 511, 06:14:36, 63:45:45.7
512-06-23 06:14:32, 512, 06:14:32, 63:45:39.3
513-06-23 06:14:31, 513, 06:14:31, 63:45:32.7
514-06-23 06:14:27, 514, 06:14:27, 63:45:28.7
515-06-24 06:14:36, 515, 06:14:36, 63:45:36.2
516-06-23 06:14:35, 516, 06:14:35, 63:45:30.1
517-06-23 06:14:31, 517, 06:14:31, 63:45:28.0
518-06-23 06:14:27, 518, 06:14:27, 63:45:26.6
519-06-24 06:14:39, 519, 06:14:39, 63:45:40.5
520-06-23 06:14:34, 520, 06:14:34, 63:45:37.2
521-06-23 06:14:33, 521, 06:14:33, 63:45:38.0
522-06-23 06:14:29, 522, 06:14:29, 63:45:40.3
523-06-24 06:14:38, 523, 06:14:38, 63:45:54.1
524-06-23 06:14:38, 524, 06:14:38, 63:45:53.7
525-06-23 06:14:34, 525, 06:14:34, 63:45:50.9
526-06-23 06:14:30, 526, 06:14:30, 63:45:51.1
527-06-24 06:14:41, 527, 06:14:41, 63:46:03.1
528-06-23 06:14:37, 528, 06:14:37, 63:45:56.5
529-06-23 06:14:35, 529, 06:14:35, 63:45:51.8
530-06-23 06:14:31, 530, 06:14:31, 63:45:45.5
531-06-24 06:14:40, 531, 06:14:40, 63:45:55.9
532-06-23 06:14:38, 532, 06:14:38, 63:45:46.4
533-06-23 06:14:35, 533, 06:14:35, 63:45:40.3
534-06-23 06:14:30, 534, 06:14:30, 63:45:36.4
535-06-23 06:14:28, 535, 06:14:28, 63:45:34.8
536-06-23 06:14:39, 536, 06:14:39, 63:45:44.3
537-06-23 06:14:37, 537, 06:14:37, 63:45:40.5
538-06-23 06:14:34, 538, 06:14:34, 63:45:40.9
539-06-23 06:14:29, 539, 06:14:29, 63:45:42.2
540-06-23 06:14:42, 540, 06:14:42, 63:45:55.8
541-06-23 06:14:38, 541, 06:14:38, 63:45:55.1
542-06-23 06:14:34, 542, 06:14:34, 63:45:55.0
543-06-23 06:14:31, 543, 06:14:31, 63:45:58.2
544-06-23 06:14:41, 544, 06:14:41, 63:46:08.3
545-06-23 06:14:38, 545, 06:14:38, 63:46:05.7
546-06-23 06:14:35, 546, 06:14:35, 63:46:01.6
547-06-23 06:14:30, 547, 06:14:30, 63:45:58.6
548-06-23 06:14:42, 548, 06:14:42, 63:46:07.2
549-06-23 06:14:40, 549, 06:14:40, 63:45:57.9
550-06-23 06:14:35, 550, 06:14:35, 63:45:52.9
551-06-23 06:14:33, 551, 06:14:33, 63:45:48.0
552-06-23 06:14:44, 552, 06:14:44, 63:45:57.6
553-06-23 06:14:40, 553, 06:14:40, 63:45:51.0
554-06-23 06:14:37, 554, 06:14:37, 63:45:46.7
555-06-23 06:14:33, 555, 06:14:33, 63:45:46.3
556-06-23 06:14:44, 556, 06:14:44, 63:45:58.6
557-06-23 06:14:41, 557, 06:14:41, 63:45:57.0
558-06-23 06:14:37, 558, 06:14:37, 63:45:56.0
559-06-23 06:14:34, 559, 06:14:34, 63:45:58.6
560-06-23 06:14:45, 560, 06:14:45, 63:46:14.8
561-06-23 06:14:42, 561, 06:14:42, 63:46:11.8
562-06-23 06:14:39, 562, 06:14:39, 63:46:11.4
563-06-23 06:14:35, 563, 06:14:35, 63:46:09.3
564-06-22 06:14:33, 564, 06:14:33, 63:46:10.0
565-06-23 06:14:44, 565, 06:14:44, 63:46:16.4
566-06-23 06:14:39, 566, 06:14:39, 63:46:10.7
567-06-23 06:14:36, 567, 06:14:36, 63:46:06.4
568-06-22 06:14:33, 568, 06:14:33, 63:46:01.1
569-06-23 06:14:43, 569, 06:14:43, 63:46:08.4
570-06-23 06:14:40, 570, 06:14:40, 63:46:00.5
571-06-23 06:14:37, 571, 06:14:37, 63:45:56.4
572-06-22 06:14:35, 572, 06:14:35, 63:45:53.8
573-06-23 06:14:46, 573, 06:14:46, 63:46:02.8
574-06-23 06:14:41, 574, 06:14:41, 63:46:00.3
575-06-23 06:14:38, 575, 06:14:38, 63:45:58.8
576-06-22 06:14:36, 576, 06:14:36, 63:46:01.5
577-06-23 06:14:46, 577, 06:14:46, 63:46:14.7
578-06-23 06:14:42, 578, 06:14:42, 63:46:14.3
579-06-23 06:14:39, 579, 06:14:39, 63:46:14.2
580-06-22 06:14:36, 580, 06:14:36, 63:46:14.9
581-06-23 06:14:47, 581, 06:14:47, 63:46:28.9
582-06-23 06:14:43, 582, 06:14:43, 63:46:24.1
583-06-23 06:14:41, 583, 06:14:41, 63:46:22.0
584-06-22 06:14:38, 584, 06:14:38, 63:46:17.9
585-06-23 06:14:49, 585, 06:14:49, 63:46:27.8
586-06-23 06:14:45, 586, 06:14:45, 63:46:19.9
587-06-23 06:14:42, 587, 06:14:42, 63:46:12.1
588-06-22 06:14:39, 588, 06:14:39, 63:46:08.6
589-06-23 06:14:49, 589, 06:14:49, 63:46:17.2
590-06-23 06:14:45, 590, 06:14:45, 63:46:11.0
591-06-23 06:14:41, 591, 06:14:41, 63:46:06.1
592-06-22 06:14:39, 592, 06:14:39, 63:46:04.1
593-06-23 06:14:49, 593, 06:14:49, 63:46:19.8
594-06-23 06:14:45, 594, 06:14:45, 63:46:15.7
595-06-23 06:14:43, 595, 06:14:43, 63:46:15.9
596-06-22 06:14:41, 596, 06:14:41, 63:46:15.8
597-06-22 06:14:38, 597, 06:14:38, 63:46:19.2
598-06-23 06:14:48, 598, 06:14:48, 63:46:31.2
599-06-23 06:14:45, 599, 06:14:45, 63:46:29.6
600-06-23 06:14:43, 600, 06:14:43, 63:46:29.8
601-06-23 06:14:40, 601, 06:14:40, 63:46:28.5
602-06-24 06:14:48, 602, 06:14:48, 63:46:38.0
603-06-24 06:14:45, 603, 06:14:45, 63:46:30.5
604-06-23 06:14:42, 604, 06:14:42, 63:46:25.6
605-06-23 06:14:39, 605, 06:14:39, 63:46:21.7
606-06-24 06:14:49, 606, 06:14:49, 63:46:27.6
607-06-24 06:14:46, 607, 06:14:46, 63:46:21.6
608-06-23 06:14:43, 608, 06:14:43, 63:46:15.1
609-06-23 06:14:41, 609, 06:14:41, 63:46:13.5
610-06-24 06:14:50, 610, 06:14:50, 63:46:23.2
611-06-24 06:14:47, 611, 06:14:47, 63:46:19.3
612-06-23 06:14:45, 612, 06:14:45, 63:46:18.7
613-06-23 06:14:41, 613, 06:14:41, 63:46:18.5
614-06-24 06:14:52, 614, 06:14:52, 63:46:34.5
615-06-24 06:14:48, 615, 06:14:48, 63:46:32.1
616-06-23 06:14:46, 616, 06:14:46, 63:46:33.1
617-06-23 06:14:43, 617, 06:14:43, 63:46:34.6
618-06-24 06:14:52, 618, 06:14:52, 63:46:48.6
619-06-24 06:14:50, 619, 06:14:50, 63:46:45.2
620-06-23 06:14:48, 620, 06:14:48, 63:46:40.3
621-06-23 06:14:44, 621, 06:14:44, 63:46:37.7
622-06-24 06:14:54, 622, 06:14:54, 63:46:47.4
623-06-24 06:14:51, 623, 06:14:51, 63:46:40.4
624-06-23 06:14:47, 624, 06:14:47, 63:46:33.4
625-06-23 06:14:45, 625, 06:14:45, 63:46:27.6
626-06-23 06:14:40, 626, 06:14:40, 63:46:25.4
627-06-24 06:14:50, 627, 06:14:50, 63:46:30.3
628-06-23 06:14:48, 628, 06:14:48, 63:46:26.4
629-06-23 06:14:44, 629, 06:14:44, 63:46:23.1
630-06-23 06:14:42, 630, 06:14:42, 63:46:23.8
631-06-24 06:14:53, 631, 06:14:53, 63:46:36.0
632-06-23 06:14:50, 632, 06:14:50, 63:46:33.5
633-06-23 06:14:48, 633, 06:14:48, 63:46:35.6
634-06-23 06:14:44, 634, 06:14:44, 63:46:37.2
635-06-24 06:14:54, 635, 06:14:54, 63:46:51.5
636-06-23 06:14:52, 636, 06:14:52, 63:46:49.3
637-06-23 06:14:48, 637, 06:14:48, 63:46:47.5
638-06-23 06:14:44, 638, 06:14:44, 63:46:47.8
639-06-24 06:14:54, 639, 06:14:54, 63:46:56.9
640-06-23 06:14:51, 640, 06:14:51, 63:46:51.6
641-06-23 06:14:48, 641, 06:14:48, 63:46:45.6
642-06-23 06:14:44, 642, 06:14:44, 63:46:42.0
643-06-24 06:14:54, 643, 06:14:54, 63:46:49.4
644-06-23 06:14:54, 644, 06:14:54, 63:46:40.8
645-06-23 06:14:49, 645, 06:14:49, 63:46:35.7
646-06-23 06:14:46, 646, 06:14:46, 63:46:31.5
647-06-24 06:14:58, 647, 06:14:58, 63:46:44.6
648-06-23 06:14:54, 648, 06:14:54, 63:46:38.8
649-06-23 06:14:51, 649, 06:14:51, 63:46:37.5
650-06-23 06:14:47, 650, 06:14:47, 63:46:38.4
651-06-24 06:14:56, 651, 06:14:56, 63:46:53.1
652-06-23 06:14:55, 652, 06:14:55, 63:46:52.3
653-06-23 06:14:51, 653, 06:14:51, 63:46:50.8
654-06-23 06:14:48, 654, 06:14:48, 63:46:53.1
655-06-23 06:14:46, 655, 06:14:46, 63:46:54.7
656-06-23 06:14:56, 656, 06:14:56, 63:47:03.7
657-06-23 06:14:53, 657, 06:14:53, 63:47:01.1
658-06-23 06:14:49, 658, 06:14:49, 63:46:57.1
659-06-23 06:14:46, 659, 06:14:46, 63:46:55.5
660-06-23 06:14:58, 660, 06:14:58, 63:47:00.5
661-06-23 06:14:53, 661, 06:14:53, 63:46:53.7
662-06-23 06:14:49, 662, 06:14:49, 63:46:47.6
663-06-23 06:14:47, 663, 06:14:47, 63:46:43.4
664-06-23 06:14:57, 664, 06:14:57, 63:46:51.7
665-06-23 06:14:54, 665, 06:14:54, 63:46:45.7
666-06-23 06:14:51, 666, 06:14:51, 63:46:44.0
667-06-23 06:14:47, 667, 06:14:47, 63:46:42.3
668-06-23 06:15:00, 668, 06:15:00, 63:46:55.0
669-06-23 06:14:56, 669, 06:14:56, 63:46:53.1
670-06-23 06:14:52, 670, 06:14:52, 63:46:52.8
671-06-23 06:14:51, 671, 06:14:51, 63:46:56.5
672-06-23 06:15:00, 672, 06:15:00, 63:47:09.7
673-06-23 06:14:57, 673, 06:14:57, 63:47:09.2
674-06-23 06:14:53, 674, 06:14:53, 63:47:07.3
675-06-23 06:14:49, 675, 06:14:49, 63:47:06.3
676-06-23 06:15:02, 676, 06:15:02, 63:47:18.5
677-06-23 06:14:58, 677, 06:14:58, 63:47:11.1
678-06-23 06:14:54, 678, 06:14:54, 63:47:06.4
679-06-23 06:14:52, 679, 06:14:52, 63:47:00.6
680-06-23 06:15:02, 680, 06:15:02, 63:47:10.2
681-06-23 06:14:59, 681, 06:14:59, 63:47:01.9
682-06-23 06:14:56, 682, 06:14:56, 63:46:55.6
683-06-23 06:14:51, 683, 06:14:51, 63:46:52.6
684-06-23 06:15:03, 684, 06:15:03, 63:47:03.9
685-06-23 06:14:59, 685, 06:14:59, 63:46:59.3
686-06-23 06:14:55, 686, 06:14:55, 63:46:55.3
687-06-23 06:14:53, 687, 06:14:53, 63:46:56.3
688-06-22 06:14:50, 688, 06:14:50, 63:46:58.9
689-06-23 06:15:00, 689, 06:15:00, 63:47:11.0
690-06-23 06:14:58, 690, 06:14:58, 63:47:11.6
691-06-23 06:14:54, 691, 06:14:54, 63:47:10.8
692-06-22 06:14:53, 692, 06:14:53, 63:47:13.5
693-06-23 06:15:03, 693, 06:15:03, 63:47:23.6
694-06-23 06:14:58, 694, 06:14:58, 63:47:20.0
695-06-23 06:14:57, 695, 06:14:57, 63:47:17.6
696-06-22 06:14:54, 696, 06:14:54, 63:47:13.5
697-06-23 06:15:02, 697, 06:15:02, 63:47:22.2
698-06-23 06:14:59, 698, 06:14:59, 63:47:13.4
699-06-23 06:14:55, 699, 06:14:55, 63:47:08.2
700-06-23 06:14:53, 700, 06:14:53, 63:47:03.8
701-06-24 06:15:03, 701, 06:15:03, 63:47:11.7
702-06-24 06:14:59, 702, 06:14:59, 63:47:06.0
703-06-24 06:14:58, 703, 06:14:58, 63:47:01.7
704-06-23 06:14:55, 704, 06:14:55, 63:47:01.5
705-06-24 06:15:04, 705, 06:15:04, 63:47:14.0
706-06-24 06:15:02, 706, 06:15:02, 63:47:13.0
707-06-24 06:14:58, 707, 06:14:58, 63:47:12.8
708-06-23 06:14:56, 708, 06:14:56, 63:47:13.9
709-06-24 06:15:07, 709, 06:15:07, 63:47:30.3
710-06-24 06:15:02, 710, 06:15:02, 63:47:26.6
711-06-24 06:15:00, 711, 06:15:00, 63:47:26.8
712-06-23 06:14:57, 712, 06:14:57, 63:47:25.1
713-06-24 06:15:07, 713, 06:15:07, 63:47:38.8
714-06-24 06:15:04, 714, 06:15:04, 63:47:32.7
715-06-24 06:15:00, 715, 06:15:00, 63:47:25.6
716-06-23 06:14:58, 716, 06:14:58, 63:47:21.5
717-06-23 06:14:55, 717, 06:14:55, 63:47:16.4
718-06-24 06:15:04, 718, 06:15:04, 63:47:22.9
719-06-24 06:15:01, 719, 06:15:01, 63:47:16.0
720-06-23 06:14:59, 720, 06:14:59, 63:47:11.0
721-06-23 06:14:54, 721, 06:14:54, 63:47:10.0
722-06-24 06:15:04, 722, 06:15:04, 63:47:18.4
723-06-24 06:15:02, 723, 06:15:02, 63:47:16.2
724-06-23 06:14:59, 724, 06:14:59, 63:47:14.6
725-06-23 06:14:57, 725, 06:14:57, 63:47:17.3
726-06-24 06:15:06, 726, 06:15:06, 63:47:30.3
727-06-24 06:15:04, 727, 06:15:04, 63:47:29.0
728-06-23 06:15:02, 728, 06:15:02, 63:47:30.0
729-06-23 06:14:58, 729, 06:14:58, 63:47:30.9
730-06-24 06:15:08, 730, 06:15:08, 63:47:45.2
731-06-24 06:15:05, 731, 06:15:05, 63:47:40.1
732-06-23 06:15:02, 732, 06:15:02, 63:47:37.0
733-06-23 06:14:58, 733, 06:14:58, 63:47:33.9
734-06-24 06:15:07, 734, 06:15:07, 63:47:41.6
735-06-24 06:15:05, 735, 06:15:05, 63:47:34.9
736-06-23 06:15:02, 736, 06:15:02, 63:47:27.2
737-06-23 06:14:58, 737, 06:14:58, 63:47:24.2
738-06-24 06:15:09, 738, 06:15:09, 63:47:32.9
739-06-24 06:15:06, 739, 06:15:06, 63:47:25.7
740-06-23 06:15:04, 740, 06:15:04, 63:47:22.0
741-06-23 06:15:01, 741, 06:15:01, 63:47:19.8
742-06-24 06:15:11, 742, 06:15:11, 63:47:35.2
743-06-24 06:15:08, 743, 06:15:08, 63:47:31.1
744-06-23 06:15:05, 744, 06:15:05, 63:47:31.2
745-06-23 06:15:01, 745, 06:15:01, 63:47:32.5
746-06-24 06:15:11, 746, 06:15:11, 63:47:49.3
747-06-24 06:15:08, 747, 06:15:08, 63:47:47.6
748-06-23 06:15:06, 748, 06:15:06, 63:47:45.3
749-06-23 06:15:02, 749, 06:15:02, 63:47:45.7
750-06-23 06:14:59, 750, 06:14:59, 63:47:43.9
751-06-24 06:15:10, 751, 06:15:10, 63:47:52.2
752-06-23 06:15:07, 752, 06:15:07, 63:47:46.0
753-06-23 06:15:04, 753, 06:15:04, 63:47:40.6
754-06-23 06:15:00, 754, 06:15:00, 63:47:38.1
755-06-24 06:15:11, 755, 06:15:11, 63:47:43.0
756-06-23 06:15:08, 756, 06:15:08, 63:47:37.0
757-06-23 06:15:04, 757, 06:15:04, 63:47:30.9
758-06-23 06:15:00, 758, 06:15:00, 63:47:28.2
759-06-24 06:15:11, 759, 06:15:11, 63:47:38.8
760-06-23 06:15:09, 760, 06:15:09, 63:47:34.5
761-06-23 06:15:05, 761, 06:15:05, 63:47:34.9
762-06-23 06:15:02, 762, 06:15:02, 63:47:35.0
763-06-24 06:15:13, 763, 06:15:13, 63:47:50.2
764-06-23 06:15:11, 764, 06:15:11, 63:47:48.5
765-06-23 06:15:07, 765, 06:15:07, 63:47:48.6
766-06-23 06:15:04, 766, 06:15:04, 63:47:50.7
767-06-24 06:15:14, 767, 06:15:14, 63:48:03.6
768-06-23 06:15:11, 768, 06:15:11, 63:48:00.4
769-06-23 06:15:07, 769, 06:15:07, 63:47:55.7
770-06-23 06:15:03, 770, 06:15:03, 63:47:53.5
771-06-24 06:15:14, 771, 06:15:14, 63:48:03.4
772-06-23 06:15:12, 772, 06:15:12, 63:47:55.3
773-06-23 06:15:08, 773, 06:15:08, 63:47:49.1
774-06-23 06:15:05, 774, 06:15:05, 63:47:42.5
775-06-24 06:15:16, 775, 06:15:16, 63:47:54.0
776-06-23 06:15:13, 776, 06:15:13, 63:47:45.5
777-06-23 06:15:10, 777, 06:15:10, 63:47:41.4
778-06-23 06:15:06, 778, 06:15:06, 63:47:40.2
779-06-23 06:15:03, 779, 06:15:03, 63:47:40.0
780-06-23 06:15:14, 780, 06:15:14, 63:47:52.1
781-06-23 06:15:09, 781, 06:15:09, 63:47:49.2
782-06-23 06:15:06, 782, 06:15:06, 63:47:51.2
783-06-23 06:15:04, 783, 06:15:04, 63:47:53.6
784-06-23 06:15:14, 784, 06:15:14, 63:48:06.3
785-06-23 06:15:12, 785, 06:15:12, 63:48:05.3
786-06-23 06:15:08, 786, 06:15:08, 63:48:03.5
787-06-23 06:15:06, 787, 06:15:06, 63:48:03.9
788-06-23 06:15:17, 788, 06:15:17, 63:48:12.4
789-06-23 06:15:13, 789, 06:15:13, 63:48:07.0
790-06-23 06:15:09, 790, 06:15:09, 63:48:01.5
791-06-23 06:15:07, 791, 06:15:07, 63:47:56.6
792-06-23 06:15:16, 792, 06:15:16, 63:48:04.4
793-06-23 06:15:13, 793, 06:15:13, 63:47:55.7
794-06-23 06:15:09, 794, 06:15:09, 63:47:51.9
795-06-23 06:15:06, 795, 06:15:06, 63:47:47.8
796-06-23 06:15:18, 796, 06:15:18, 63:47:59.6
797-06-23 06:15:13, 797, 06:15:13, 63:47:55.1
798-06-23 06:15:10, 798, 06:15:10, 63:47:52.5
799-06-23 06:15:09, 799, 06:15:09, 63:47:54.1
800-06-23 06:15:19, 800, 06:15:19, 63:48:08.0
801-06-23 06:15:16, 801, 06:15:16, 63:48:08.1
802-06-23 06:15:13, 802, 06:15:13, 63:48:08.0
803-06-23 06:15:09, 803, 06:15:09, 63:48:08.9
804-06-23 06:15:21, 804, 06:15:21, 63:48:24.6
805-06-23 06:15:16, 805, 06:15:16, 63:48:19.3
806-06-23 06:15:12, 806, 06:15:12, 63:48:16.7
807-06-23 06:15:11, 807, 06:15:11, 63:48:12.3
808-06-22 06:15:07, 808, 06:15:07, 63:48:10.5
809-06-23 06:15:17, 809, 06:15:17, 63:48:16.0
810-06-23 06:15:14, 810, 06:15:14, 63:48:08.7
811-06-23 06:15:11, 811, 06:15:11, 63:48:03.4
812-06-22 06:15:09, 812, 06:15:09, 63:47:59.1
813-06-23 06:15:18, 813, 06:15:18, 63:48:07.7
814-06-23 06:15:14, 814, 06:15:14, 63:48:01.2
815-06-23 06:15:13, 815, 06:15:13, 63:47:58.8
816-06-22 06:15:08, 816, 06:15:08, 63:47:58.4
817-06-23 06:15:18, 817, 06:15:18, 63:48:10.0
818-06-23 06:15:16, 818, 06:15:16, 63:48:09.8
819-06-23 06:15:12, 819, 06:15:12, 63:48:08.9
820-06-22 06:15:11, 820, 06:15:11, 63:48:13.0
821-06-23 06:15:21, 821, 06:15:21, 63:48:26.2
822-06-23 06:15:17, 822, 06:15:17, 63:48:24.1
823-06-23 06:15:16, 823, 06:15:16, 63:48:23.0
824-06-22 06:15:12, 824, 06:15:12, 63:48:21.5
825-06-23 06:15:22, 825, 06:15:22, 63:48:34.1
826-06-23 06:15:19, 826, 06:15:19, 63:48:26.8
827-06-23 06:15:15, 827, 06:15:15, 63:48:21.8
828-06-22 06:15:12, 828, 06:15:12, 63:48:16.9
829-06-23 06:15:21, 829, 06:15:21, 63:48:25.1
830-06-23 06:15:17, 830, 06:15:17, 63:48:17.3
831-06-23 06:15:16, 831, 06:15:16, 63:48:10.4
832-06-22 06:15:13, 832, 06:15:13, 63:48:08.1
833-06-23 06:15:22, 833, 06:15:22, 63:48:18.8
834-06-23 06:15:21, 834, 06:15:21, 63:48:14.7
835-06-23 06:15:17, 835, 06:15:17, 63:48:11.8
836-06-22 06:15:15, 836, 06:15:15, 63:48:12.4
837-06-22 06:15:12, 837, 06:15:12, 63:48:16.1
838-06-23 06:15:21, 838, 06:15:21, 63:48:26.5
839-06-23 06:15:20, 839, 06:15:20, 63:48:27.3
840-06-22 06:15:16, 840, 06:15:16, 63:48:26.8
841-06-22 06:15:11, 841, 06:15:11, 63:48:28.9
842-06-23 06:15:23, 842, 06:15:23, 63:48:40.0
843-06-23 06:15:19, 843, 06:15:19, 63:48:35.6
844-06-22 06:15:16, 844, 06:15:16, 63:48:33.9
845-06-22 06:15:13, 845, 06:15:13, 63:48:29.6
846-06-23 06:15:22, 846, 06:15:22, 63:48:37.0
847-06-23 06:15:21, 847, 06:15:21, 63:48:28.9
848-06-22 06:15:18, 848, 06:15:18, 63:48:22.8
849-06-22 06:15:13, 849, 06:15:13, 63:48:19.7
850-06-23 06:15:25, 850, 06:15:25, 63:48:27.2
851-06-23 06:15:21, 851, 06:15:21, 63:48:22.1
852-06-22 06:15:18, 852, 06:15:18, 63:48:17.9
853-06-22 06:15:15, 853, 06:15:15, 63:48:17.8
854-06-23 06:15:24, 854, 06:15:24, 63:48:30.1
855-06-23 06:15:23, 855, 06:15:23, 63:48:28.3
856-06-22 06:15:20, 856, 06:15:20, 63:48:28.9
857-06-22 06:15:15, 857, 06:15:15, 63:48:29.4
858-06-23 06:15:27, 858, 06:15:27, 63:48:46.3
859-06-23 06:15:24, 859, 06:15:24, 63:48:42.9
860-06-22 06:15:21, 860, 06:15:21, 63:48:42.6
861-06-22 06:15:18, 861, 06:15:18, 63:48:42.3
862-06-23 06:15:26, 862, 06:15:26, 63:48:53.8
863-06-23 06:15:25, 863, 06:15:25, 63:48:48.1
864-06-22 06:15:21, 864, 06:15:21, 63:48:40.5
865-06-22 06:15:16, 865, 06:15:16, 63:48:36.8
866-06-23 06:15:28, 866, 06:15:28, 63:48:46.3
867-06-23 06:15:25, 867, 06:15:25, 63:48:38.0
868-06-22 06:15:22, 868, 06:15:22, 63:48:32.2
869-06-22 06:15:19, 869, 06:15:19, 63:48:27.0
870-06-22 06:15:15, 870, 06:15:15, 63:48:26.2
871-06-23 06:15:27, 871, 06:15:27, 63:48:33.7
872-06-22 06:15:24, 872, 06:15:24, 63:48:31.5
873-06-22 06:15:20, 873, 06:15:20, 63:48:31.1
874-06-22 06:15:17, 874, 06:15:17, 63:48:33.5
875-06-23 06:15:28, 875, 06:15:28, 63:48:46.7
876-06-22 06:15:24, 876, 06:15:24, 63:48:44.9
877-06-22 06:15:21, 877, 06:15:21, 63:48:47.0
878-06-22 06:15:17, 878, 06:15:17, 63:48:47.6
879-06-23 06:15:29, 879, 06:15:29, 63:49:00.2
880-06-22 06:15:26, 880, 06:15:26, 63:48:55.9
881-06-22 06:15:22, 881, 06:15:22, 63:48:51.9
882-06-22 06:15:20, 882, 06:15:20, 63:48:50.1
883-06-23 06:15:31, 883, 06:15:31, 63:48:56.8
884-06-22 06:15:27, 884, 06:15:27, 63:48:50.8
885-06-22 06:15:23, 885, 06:15:23, 63:48:44.0
886-06-22 06:15:20, 886, 06:15:20, 63:48:39.4
887-06-23 06:15:30, 887, 06:15:30, 63:48:48.2
888-06-22 06:15:27, 888, 06:15:27, 63:48:40.6
889-06-22 06:15:23, 889, 06:15:23, 63:48:38.0
890-06-22 06:15:20, 890, 06:15:20, 63:48:36.0
891-06-23 06:15:32, 891, 06:15:32, 63:48:50.7
892-06-22 06:15:28, 892, 06:15:28, 63:48:47.8
893-06-22 06:15:25, 893, 06:15:25, 63:48:47.6
894-06-22 06:15:22, 894, 06:15:22, 63:48:49.2
895-06-23 06:15:33, 895, 06:15:33, 63:49:04.5
896-06-22 06:15:31, 896, 06:15:31, 63:49:03.7
897-06-22 06:15:26, 897, 06:15:26, 63:49:01.3
898-06-22 06:15:24, 898, 06:15:24, 63:49:01.3
899-06-22 06:15:21, 899, 06:15:21, 63:49:00.4
900-06-23 06:15:30, 900, 06:15:30, 63:49:07.8
901-06-23 06:15:27, 901, 06:15:27, 63:49:02.7
902-06-23 06:15:24, 902, 06:15:24, 63:48:56.2
903-06-23 06:15:21, 903, 06:15:21, 63:48:53.5
904-06-23 06:15:32, 904, 06:15:32, 63:48:58.4
905-06-23 06:15:28, 905, 06:15:28, 63:48:51.6
906-06-23 06:15:25, 906, 06:15:25, 63:48:46.9
907-06-23 06:15:23, 907, 06:15:23, 63:48:43.9
908-06-23 06:15:33, 908, 06:15:33, 63:48:55.6
909-06-23 06:15:29, 909, 06:15:29, 63:48:51.1
910-06-23 06:15:26, 910, 06:15:26, 63:48:50.8
911-06-23 06:15:23, 911, 06:15:23, 63:48:51.6
912-06-23 06:15:33, 912, 06:15:33, 63:49:05.6
913-06-23 06:15:30, 913, 06:15:30, 63:49:04.8
914-06-23 06:15:27, 914, 06:15:27, 63:49:04.5
915-06-23 06:15:25, 915, 06:15:25, 63:49:07.2
916-06-23 06:15:36, 916, 06:15:36, 63:49:19.8
917-06-23 06:15:32, 917, 06:15:32, 63:49:16.4
918-06-23 06:15:29, 918, 06:15:29, 63:49:12.0
919-06-23 06:15:27, 919, 06:15:27, 63:49:08.8
920-06-23 06:15:36, 920, 06:15:36, 63:49:19.3
921-06-23 06:15:32, 921, 06:15:32, 63:49:10.0
922-06-23 06:15:29, 922, 06:15:29, 63:49:04.7
923-06-23 06:15:26, 923, 06:15:26, 63:48:58.6
924-06-23 06:15:36, 924, 06:15:36, 63:49:09.4
925-06-23 06:15:32, 925, 06:15:32, 63:49:02.2
926-06-23 06:15:29, 926, 06:15:29, 63:48:57.2
927-06-23 06:15:28, 927, 06:15:28, 63:48:56.5
928-06-22 06:15:24, 928, 06:15:24, 63:48:55.8
929-06-23 06:15:35, 929, 06:15:35, 63:49:07.3
930-06-23 06:15:32, 930, 06:15:32, 63:49:05.7
931-06-23 06:15:30, 931, 06:15:30, 63:49:07.1
932-06-22 06:15:27, 932, 06:15:27, 63:49:11.0
933-06-23 06:15:36, 933, 06:15:36, 63:49:22.6
934-06-23 06:15:33, 934, 06:15:33, 63:49:21.9
935-06-23 06:15:31, 935, 06:15:31, 63:49:19.6
936-06-22 06:15:26, 936, 06:15:26, 63:49:19.6
937-06-23 06:15:36, 937, 06:15:36, 63:49:27.9
938-06-23 06:15:33, 938, 06:15:33, 63:49:22.3
939-06-23 06:15:31, 939, 06:15:31, 63:49:17.5
940-06-22 06:15:28, 940, 06:15:28, 63:49:12.2
941-06-23 06:15:37, 941, 06:15:37, 63:49:20.5
942-06-23 06:15:34, 942, 06:15:34, 63:49:11.8
943-06-23 06:15:33, 943, 06:15:33, 63:49:07.2
944-06-22 06:15:28, 944, 06:15:28, 63:49:04.2
945-06-23 06:15:39, 945, 06:15:39, 63:49:14.5
946-06-23 06:15:36, 946, 06:15:36, 63:49:11.4
947-06-23 06:15:32, 947, 06:15:32, 63:49:08.3
948-06-22 06:15:30, 948, 06:15:30, 63:49:10.7
949-06-23 06:15:39, 949, 06:15:39, 63:49:25.2
950-06-23 06:15:36, 950, 06:15:36, 63:49:24.3
951-06-23 06:15:35, 951, 06:15:35, 63:49:24.6
952-06-22 06:15:31, 952, 06:15:31, 63:49:24.5
953-06-23 06:15:41, 953, 06:15:41, 63:49:40.2
954-06-23 06:15:39, 954, 06:15:39, 63:49:35.2
955-06-23 06:15:35, 955, 06:15:35, 63:49:32.3
956-06-22 06:15:33, 956, 06:15:33, 63:49:29.1
957-06-23 06:15:41, 957, 06:15:41, 63:49:40.4
958-06-23 06:15:38, 958, 06:15:38, 63:49:32.2
959-06-23 06:15:36, 959, 06:15:36, 63:49:23.8
960-06-22 06:15:31, 960, 06:15:31, 63:49:19.4
961-06-22 06:15:28, 961, 06:15:28, 63:49:15.2
962-06-23 06:15:40, 962, 06:15:40, 63:49:22.9
963-06-23 06:15:37, 963, 06:15:37, 63:49:17.1
964-06-22 06:15:34, 964, 06:15:34, 63:49:14.7
965-06-22 06:15:31, 965, 06:15:31, 63:49:15.9
966-06-23 06:15:41, 966, 06:15:41, 63:49:26.1
967-06-23 06:15:40, 967, 06:15:40, 63:49:26.2
968-06-22 06:15:35, 968, 06:15:35, 63:49:25.8
969-06-22 06:15:31, 969, 06:15:31, 63:49:28.8
970-06-23 06:15:43, 970, 06:15:43, 63:49:42.5
971-06-23 06:15:39, 971, 06:15:39, 63:49:39.5
972-06-22 06:15:36, 972, 06:15:36, 63:49:40.0
973-06-22 06:15:32, 973, 06:15:32, 63:49:38.6
974-06-23 06:15:42, 974, 06:15:42, 63:49:49.7
975-06-23 06:15:41, 975, 06:15:41, 63:49:42.8
976-06-22 06:15:37, 976, 06:15:37, 63:49:37.1
977-06-22 06:15:33, 977, 06:15:33, 63:49:32.7
978-06-23 06:15:45, 978, 06:15:45, 63:49:40.1
979-06-23 06:15:41, 979, 06:15:41, 63:49:33.2
980-06-22 06:15:38, 980, 06:15:38, 63:49:26.9
981-06-22 06:15:35, 981, 06:15:35, 63:49:24.5
982-06-23 06:15:44, 982, 06:15:44, 63:49:35.1
983-06-23 06:15:42, 983, 06:15:42, 63:49:30.4
984-06-22 06:15:38, 984, 06:15:38, 63:49:29.0
985-06-22 06:15:34, 985, 06:15:34, 63:49:28.2
986-06-23 06:15:47, 986, 06:15:47, 63:49:45.9
987-06-23 06:15:43, 987, 06:15:43, 63:49:42.6
988-06-22 06:15:40, 988, 06:15:40, 63:49:43.4
989-06-22 06:15:37, 989, 06:15:37, 63:49:44.3
990-06-22 06:15:34, 990, 06:15:34, 63:49:45.2
991-06-23 06:15:46, 991, 06:15:46, 63:49:56.8
992-06-22 06:15:42, 992, 06:15:42, 63:49:51.7
993-06-22 06:15:37, 993, 06:15:37, 63:49:49.1
994-06-22 06:15:36, 994, 06:15:36, 63:49:45.6
995-06-23 06:15:45, 995, 06:15:45, 63:49:52.2
996-06-22 06:15:41, 996, 06:15:41, 63:49:45.4
997-06-22 06:15:39, 997, 06:15:39, 63:49:39.0
998-06-22 06:15:35, 998, 06:15:35, 63:49:36.3
999-06-23 06:15:47, 999, 06:15:47, 63:49:43.0
1000-06-23 06:15:43, 1000, 06:15:43, 63:49:37.9
1001-06-23 06:15:38, 1001, 06:15:38, 63:49:33.8
1002-06-23 06:15:38, 1002, 06:15:38, 63:49:33.5
1003-06-24 06:15:48, 1003, 06:15:48, 63:49:46.9
1004-06-23 06:15:44, 1004, 06:15:44, 63:49:44.3
1005-06-23 06:15:41, 1005, 06:15:41, 63:49:45.8
1006-06-23 06:15:37, 1006, 06:15:37, 63:49:46.5
1007-06-24 06:15:48, 1007, 06:15:48, 63:50:02.5
1008-06-23 06:15:45, 1008, 06:15:45, 63:50:00.0
1009-06-23 06:15:41, 1009, 06:15:41, 63:49:58.1
1010-06-23 06:15:40, 1010, 06:15:40, 63:49:58.7
1011-06-24 06:15:50, 1011, 06:15:50, 63:50:09.1
1012-06-23 06:15:46, 1012, 06:15:46, 63:50:03.8
1013-06-23 06:15:44, 1013, 06:15:44, 63:49:57.3
1014-06-23 06:15:40, 1014, 06:15:40, 63:49:52.9
1015-06-24 06:15:51, 1015, 06:15:51, 63:50:02.9
1016-06-23 06:15:47, 1016, 06:15:47, 63:49:53.4
1017-06-23 06:15:42, 1017, 06:15:42, 63:49:47.9
1018-06-23 06:15:41, 1018, 06:15:41, 63:49:42.7
1019-06-23 06:15:38, 1019, 06:15:38, 63:49:41.9
1020-06-23 06:15:46, 1020, 06:15:46, 63:49:50.0
1021-06-23 06:15:44, 1021, 06:15:44, 63:49:48.1
1022-06-23 06:15:41, 1022, 06:15:41, 63:49:48.5
1023-06-23 06:15:39, 1023, 06:15:39, 63:49:49.7
1024-06-23 06:15:50, 1024, 06:15:50, 63:50:03.3
1025-06-23 06:15:46, 1025, 06:15:46, 63:50:01.3
1026-06-23 06:15:45, 1026, 06:15:45, 63:50:03.1
1027-06-23 06:15:42, 1027, 06:15:42, 63:50:04.3
1028-06-23 06:15:50, 1028, 06:15:50, 63:50:15.8
1029-06-23 06:15:47, 1029, 06:15:47, 63:50:13.0
1030-06-23 06:15:44, 1030, 06:15:44, 63:50:08.1
1031-06-23 06:15:41, 1031, 06:15:41, 63:50:06.4
1032-06-23 06:15:51, 1032, 06:15:51, 63:50:13.1
1033-06-23 06:15:46, 1033, 06:15:46, 63:50:06.0
1034-06-23 06:15:45, 1034, 06:15:45, 63:49:59.8
1035-06-23 06:15:42, 1035, 06:15:42, 63:49:54.3
1036-06-23 06:15:51, 1036, 06:15:51, 63:50:04.2
1037-06-23 06:15:49, 1037, 06:15:49, 63:49:57.2
1038-06-23 06:15:46, 1038, 06:15:46, 63:49:54.5
1039-06-23 06:15:43, 1039, 06:15:43, 63:49:53.0
1040-06-23 06:15:53, 1040, 06:15:53, 63:50:06.9
1041-06-23 06:15:49, 1041, 06:15:49, 63:50:04.5
1042-06-23 06:15:47, 1042, 06:15:47, 63:50:03.2
1043-06-23 06:15:45, 1043, 06:15:45, 63:50:05.7
1044-06-23 06:15:54, 1044, 06:15:54, 63:50:21.0
1045-06-23 06:15:51, 1045, 06:15:51, 63:50:20.4
1046-06-23 06:15:49, 1046, 06:15:49, 63:50:18.1
1047-06-23 06:15:46, 1047, 06:15:46, 63:50:17.2
1048-06-23 06:15:56, 1048, 06:15:56, 63:50:31.0
1049-06-23 06:15:52, 1049, 06:15:52, 63:50:23.1
1050-06-23 06:15:50, 1050, 06:15:50, 63:50:18.4
1051-06-23 06:15:47, 1051, 06:15:47, 63:50:12.1
1052-06-22 06:15:42, 1052, 06:15:42, 63:50:09.2
1053-06-23 06:15:52, 1053, 06:15:52, 63:50:14.9
1054-06-23 06:15:50, 1054, 06:15:50, 63:50:07.1
1055-06-23 06:15:46, 1055, 06:15:46, 63:50:03.9
1056-06-22 06:15:43, 1056, 06:15:43, 63:50:00.9
1057-06-23 06:15:54, 1057, 06:15:54, 63:50:11.4
1058-06-23 06:15:51, 1058, 06:15:51, 63:50:07.0
1059-06-23 06:15:49, 1059, 06:15:49, 63:50:06.5
1060-06-22 06:15:45, 1060, 06:15:45, 63:50:08.6
1061-06-23 06:15:56, 1061, 06:15:56, 63:50:21.9
1062-06-23 06:15:53, 1062, 06:15:53, 63:50:22.0
1063-06-23 06:15:50, 1063, 06:15:50, 63:50:21.6
1064-06-22 06:15:46, 1064, 06:15:46, 63:50:23.9
1065-06-23 06:15:56, 1065, 06:15:56, 63:50:35.7
1066-06-23 06:15:53, 1066, 06:15:53, 63:50:31.6
1067-06-23 06:15:50, 1067, 06:15:50, 63:50:28.6
1068-06-22 06:15:46, 1068, 06:15:46, 63:50:24.8
1069-06-23 06:15:57, 1069, 06:15:57, 63:50:35.5
1070-06-23 06:15:54, 1070, 06:15:54, 63:50:26.0
1071-06-23 06:15:52, 1071, 06:15:52, 63:50:20.6
1072-06-22 06:15:48, 1072, 06:15:48, 63:50:15.4
1073-06-23 06:15:58, 1073, 06:15:58, 63:50:24.5
1074-06-23 06:15:56, 1074, 06:15:56, 63:50:18.5
1075-06-23 06:15:53, 1075, 06:15:53, 63:50:13.1
1076-06-22 06:15:49, 1076, 06:15:49, 63:50:12.5
1077-06-23 06:15:59, 1077, 06:15:59, 63:50:26.1
1078-06-23 06:15:56, 1078, 06:15:56, 63:50:23.6
1079-06-23 06:15:53, 1079, 06:15:53, 63:50:23.4
1080-06-22 06:15:49, 1080, 06:15:49, 63:50:23.9
1081-06-22 06:15:47, 1081, 06:15:47, 63:50:27.8
1082-06-23 06:15:58, 1082, 06:15:58, 63:50:38.4
1083-06-23 06:15:55, 1083, 06:15:55, 63:50:37.6
1084-06-22 06:15:52, 1084, 06:15:52, 63:50:36.0
1085-06-22 06:15:48, 1085, 06:15:48, 63:50:36.0
1086-06-23 06:15:59, 1086, 06:15:59, 63:50:45.1
1087-06-23 06:15:56, 1087, 06:15:56, 63:50:38.5
1088-06-22 06:15:52, 1088, 06:15:52, 63:50:34.0
1089-06-22 06:15:49, 1089, 06:15:49, 63:50:28.3
1090-06-23 06:15:59, 1090, 06:15:59, 63:50:36.0
1091-06-23 06:15:56, 1091, 06:15:56, 63:50:28.0
1092-06-22 06:15:53, 1092, 06:15:53, 63:50:22.6
1093-06-22 06:15:49, 1093, 06:15:49, 63:50:21.3
1094-06-23 06:16:00, 1094, 06:16:00, 63:50:30.5
1095-06-23 06:15:58, 1095, 06:15:58, 63:50:27.9
1096-06-22 06:15:54, 1096, 06:15:54, 63:50:25.3
1097-06-22 06:15:51, 1097, 06:15:51, 63:50:27.2
1098-06-23 06:16:03, 1098, 06:16:03, 63:50:42.3
1099-06-23 06:15:59, 1099, 06:15:59, 63:50:40.0
Minimum
108-06-23 06:13:32,	63:42:00.9
Maximum
1086-06-23 06:15:59,	63:50:45.1
